stimulus,emotion,gender,race
02F_FE_O.jpg,Fear,Female,West
02F_HA_O.jpg,Happy,Female,West
02F_NE_O.jpg,Neutral,Female,West
02f_di_o.jpg,Disgust,Female,West
08F_DI_O.jpg,Disgust,Female,West
08F_FE_O.jpg,Fear,Female,West
08F_HA_O.jpg,Happy,Female,West
08F_NE_O.jpg,Neutral,Female,West
13F_DI_O.jpg,Disgust,Female,Black
13F_FE_O.jpg,Fear,Female,Black
13F_HA_O.jpg,Happy,Female,Black
13F_NE_O.jpg,Neutral,Female,Black
AF03AFS.JPG,Fear,Female,West
AF03DIS.JPG,Disgust,Female,West
AF03HAS.JPG,Happy,Female,West
AF03NES.JPG,Neutral,Female,West
AM01AFS.JPG,Fear,Male,West
AM01DIS.JPG,Disgust,Male,West
AM01HAS.JPG,Happy,Male,West
AM01NES.JPG,Neutral,Male,West
AM03AFS.JPG,Fear,Male,West
AM03DIS.JPG,Disgust,Male,West
AM03HAS.JPG,Happy,Male,West
AM03NES.JPG,Neutral,Male,West
AM10AFS.JPG,Fear,Male,West
AM10DIS.JPG,Disgust,Male,West
AM10HAS.JPG,Happy,Male,West
AM10NES.JPG,Neutral,Male,West
AM16AFS.JPG,Fear,Male,West
AM16DIS.JPG,Disgust,Male,West
AM16HAS.JPG,Happy,Male,West
AM16NES.JPG,Neutral,Male,West
AM18AFS.JPG,Fear,Male,West
AM18DIS.JPG,Disgust,Male,West
AM18HAS.JPG,Happy,Male,West
AM18NES.JPG,Neutral,Male,West
KL.DI1.170.jpg,Disgust,Female,Asia
KL.FE1.174.jpg,Fear,Female,Asia
KL.HA1.158.jpg,Happy,Female,Asia
KL.NE1.155.jpg,Neutral,Female,Asia
NA.DI1.214.jpg,Disgust,Female,Asia
NA.FE1.217.jpg,Fear,Female,Asia
NA.HA1.202.jpg,Happy,Female,Asia
NA.NE1.199.jpg,Neutral,Female,Asia
Rafd090_24_Caucasian_male_disgusted_frontal.jpg,Disgust,Male,West
Rafd090_24_Caucasian_male_fearful_frontal.jpg,Fear,Male,West
Rafd090_24_Caucasian_male_happy_frontal.jpg,Happy,Male,West
Rafd090_24_Caucasian_male_neutral_frontal.jpg,Neutral,Male,West
Rafd090_25_Caucasian_male_disgusted_frontal.jpg,Disgust,Male,West
Rafd090_25_Caucasian_male_fearful_frontal.jpg,Fear,Male,West
Rafd090_25_Caucasian_male_happy_frontal.jpg,Happy,Male,West
Rafd090_25_Caucasian_male_neutral_frontal.jpg,Neutral,Male,West
Rafd090_30_Caucasian_male_disgusted_frontal.jpg,Disgust,Male,West
Rafd090_30_Caucasian_male_fearful_frontal.jpg,Fear,Male,West
Rafd090_30_Caucasian_male_happy_frontal.jpg,Happy,Male,West
Rafd090_30_Caucasian_male_neutral_frontal.jpg,Neutral,Male,West
Rafd090_32_Caucasian_female_disgusted_frontal.jpg,Disgust,Female,West
Rafd090_32_Caucasian_female_fearful_frontal.jpg,Fear,Female,West
Rafd090_32_Caucasian_female_happy_frontal.jpg,Happy,Female,West
Rafd090_32_Caucasian_female_neutral_frontal.jpg,Neutral,Female,West
Rafd090_38_Caucasian_male_disgusted_frontal.jpg,Disgust,Male,West
Rafd090_38_Caucasian_male_fearful_frontal.jpg,Fear,Male,West
Rafd090_38_Caucasian_male_happy_frontal.jpg,Happy,Male,West
Rafd090_38_Caucasian_male_neutral_frontal.jpg,Neutral,Male,West
Rafd090_52_Moroccan_male_disgusted_frontal.jpg,Disgust,Male,West
Rafd090_52_Moroccan_male_fearful_frontal.jpg,Fear,Male,West
Rafd090_52_Moroccan_male_happy_frontal.jpg,Happy,Male,West
Rafd090_52_Moroccan_male_neutral_frontal.jpg,Neutral,Male,West
Rafd090_72_Moroccan_male_disgusted_frontal.jpg,Disgust,Male,West
Rafd090_72_Moroccan_male_fearful_frontal.jpg,Fear,Male,West
Rafd090_72_Moroccan_male_happy_frontal.jpg,Happy,Male,West
Rafd090_72_Moroccan_male_neutral_frontal.jpg,Neutral,Male,West
AF27AFS.JPG,Fear,Female,West
AF27DIS.JPG,Disgust,Female,West
AF27HAS.JPG,Happy,Female,West
AF27NES.JPG,Neutral,Female,West
Rafd090_36_Caucasian_male_disgusted_frontal.jpg,Disgust,Male,West
Rafd090_36_Caucasian_male_fearful_frontal.jpg,Fear,Male,West
Rafd090_36_Caucasian_male_happy_frontal.jpg,Happy,Male,West
Rafd090_36_Caucasian_male_neutral_frontal.jpg,Neutral,Male,West
22M_DI_O.jpg,Disgust,Male,West
22M_FE_O.jpg,Fear,Male,West
22M_HA_O.jpg,Happy,Male,West
22M_NE_O.jpg,Neutral,Male,West
23M_DI_O.jpg,Disgust,Male,West
23M_FE_O.jpg,Fear,Male,West
23M_HA_O.jpg,Happy,Male,West
23M_NE_O.jpg,Neutral,Male,West
29M_DI_O.jpg,Disgust,Male,West
29M_FE_O.jpg,Fear,Male,West
29M_HA_O.jpg,Happy,Male,West
29M_NE_O.jpg,Neutral,Male,West
36M_DI_O.jpg,Disgust,Male,West
36M_FE_O.jpg,Fear,Male,West
36M_HA_O.jpg,Happy,Male,West
36M_NE_O.jpg,Neutral,Male,West
41M_DI_O.jpg,Disgust,Male,Black
41M_FE_O.jpg,Fear,Male,Black
41M_HA_O.jpg,Happy,Male,Black
41M_NE_O.jpg,Neutral,Male,Black
AF24AFS.JPG,Fear,Female,West
AF24DIS.JPG,Disgust,Female,West
AF24HAS.JPG,Happy,Female,West
AF24NES.JPG,Neutral,Female,West
AF30AFS.JPG,Fear,Female,West
AF30DIS.JPG,Disgust,Female,West
AF30HAS.JPG,Happy,Female,West
AF30NES.JPG,Neutral,Female,West
AM15AFS.JPG,Fear,Male,West
AM15DIS.JPG,Disgust,Male,West
AM15HAS.JPG,Happy,Male,West
AM15NES.JPG,Neutral,Male,West
AM21AFS.JPG,Fear,Male,West
AM21DIS.JPG,Disgust,Male,West
AM21HAS.JPG,Happy,Male,West
AM21NES.JPG,Neutral,Male,West
AM34AFS.JPG,Fear,Male,West
AM34DIS.JPG,Disgust,Male,West
AM34HAS.JPG,Happy,Male,West
AM34NES.JPG,Neutral,Male,West
KR.DI1.86.jpg,Disgust,Female,Asia
KR.FE1.89.jpg,Fear,Female,Asia
KR.HA1.74.jpg,Happy,Female,Asia
KR.NE1.71.jpg,Neutral,Female,Asia
Rafd090_20_Caucasian_male_disgusted_frontal.jpg,Disgust,Male,West
Rafd090_20_Caucasian_male_fearful_frontal.jpg,Fear,Male,West
Rafd090_20_Caucasian_male_happy_frontal.jpg,Happy,Male,West
Rafd090_20_Caucasian_male_neutral_frontal.jpg,Neutral,Male,West
Rafd090_27_Caucasian_female_disgusted_frontal.jpg,Disgust,Female,West
Rafd090_27_Caucasian_female_fearful_frontal.jpg,Fear,Female,West
Rafd090_27_Caucasian_female_happy_frontal.jpg,Happy,Female,West
Rafd090_27_Caucasian_female_neutral_frontal.jpg,Neutral,Female,West
Rafd090_44_Kid_female_disgusted_frontal.jpg,Disgust,Female,West
Rafd090_44_Kid_female_fearful_frontal.jpg,Fear,Female,West
Rafd090_44_Kid_female_happy_frontal.jpg,Happy,Female,West
Rafd090_44_Kid_female_neutral_frontal.jpg,Neutral,Female,West
Rafd090_48_Moroccan_male_disgusted_frontal.jpg,Disgust,Male,West
Rafd090_48_Moroccan_male_fearful_frontal.jpg,Fear,Male,West
Rafd090_48_Moroccan_male_happy_frontal.jpg,Happy,Male,West
Rafd090_48_Moroccan_male_neutral_frontal.jpg,Neutral,Male,West
Rafd090_59_Moroccan_male_disgusted_frontal.jpg,Disgust,Male,West
Rafd090_59_Moroccan_male_fearful_frontal.jpg,Fear,Male,West
Rafd090_59_Moroccan_male_happy_frontal.jpg,Happy,Male,West
Rafd090_59_Moroccan_male_neutral_frontal.jpg,Neutral,Male,West
Rafd090_67_Moroccan_male_disgusted_frontal.jpg,Disgust,Male,West
Rafd090_67_Moroccan_male_fearful_frontal.jpg,Fear,Male,West
Rafd090_67_Moroccan_male_happy_frontal.jpg,Happy,Male,West
Rafd090_67_Moroccan_male_neutral_frontal.jpg,Neutral,Male,West
Rafd090_70_Moroccan_male_disgusted_frontal.jpg,Disgust,Male,West
Rafd090_70_Moroccan_male_fearful_frontal.jpg,Fear,Male,West
Rafd090_70_Moroccan_male_happy_frontal.jpg,Happy,Male,West
Rafd090_70_Moroccan_male_neutral_frontal.jpg,Neutral,Male,West
01F_DI_O.jpg,Disgust,Female,West
01F_FE_O.jpg,Fear,Female,West
01F_HA_O.jpg,Happy,Female,West
01F_NE_O.jpg,Neutral,Female,West
AM04AFS.JPG,Fear,Male,West
AM04DIS.JPG,Disgust,Male,West
AM04HAS.JPG,Happy,Male,West
AM04NES.JPG,Neutral,Male,West
037_d1.jpg,Disgust,Female,West
037_f2.jpg,Fear,Female,West
037_ht2.jpg,Happy,Female,West
037_n3.jpg,Neutral,Female,West
19F_DI_O.jpg,Disgust,Female,Asia
19F_FE_O.jpg,Fear,Female,Asia
19F_HA_O.jpg,Happy,Female,Asia
19F_NE_O.jpg,Neutral,Female,Asia
38M_DI_O.jpg,Disgust,Male,Black
38M_FE_O.jpg,Fear,Male,Black
38M_HA_O.jpg,Happy,Male,Black
38M_NE_O.jpg,Neutral,Male,Black
AF17AFS.JPG,Fear,Female,West
AF17DIS.JPG,Disgust,Female,West
AF17HAS.JPG,Happy,Female,West
AF17NES.JPG,Neutral,Female,West
AF20AFS.JPG,Fear,Female,West
AF20DIS.JPG,Disgust,Female,West
AF20HAS.JPG,Happy,Female,West
AF20NES.JPG,Neutral,Female,West
AF21AFS.JPG,Fear,Female,West
AF21DIS.JPG,Disgust,Female,West
AF21HAS.JPG,Happy,Female,West
AF21NES.JPG,Neutral,Female,West
AF23AFS.JPG,Fear,Female,West
AF23DIS.JPG,Disgust,Female,West
AF23HAS.JPG,Happy,Female,West
AF23NES.JPG,Neutral,Female,West
AF33AFS.JPG,Fear,Female,West
AF33DIS.JPG,Disgust,Female,West
AF33HAS.JPG,Happy,Female,West
AF33NES.JPG,Neutral,Female,West
AF35AFS.JPG,Fear,Female,West
AF35DIS.JPG,Disgust,Female,West
AF35HAS.JPG,Happy,Female,West
AF35NES.JPG,Neutral,Female,West
AM24AFS.JPG,Fear,Male,West
AM24DIS.JPG,Disgust,Male,West
AM24HAS.JPG,Happy,Male,West
AM24NES.JPG,Neutral,Male,West
AM25AFS.JPG,Fear,Male,West
AM25DIS.JPG,Disgust,Male,West
AM25HAS.JPG,Happy,Male,West
AM25NES.JPG,Neutral,Male,West
Rafd090_04_Caucasian_female_disgusted_frontal.jpg,Disgust,Female,West
Rafd090_04_Caucasian_female_fearful_frontal.jpg,Fear,Female,West
Rafd090_04_Caucasian_female_happy_frontal.jpg,Happy,Female,West
Rafd090_04_Caucasian_female_neutral_frontal.jpg,Neutral,Female,West
Rafd090_29_Moroccan_male_disgusted_frontal.jpg,Disgust,Male,West
Rafd090_29_Moroccan_male_fearful_frontal.jpg,Fear,Male,West
Rafd090_29_Moroccan_male_happy_frontal.jpg,Happy,Male,West
Rafd090_29_Moroccan_male_neutral_frontal.jpg,Neutral,Male,West
Rafd090_43_Kid_female_disgusted_frontal.jpg,Disgust,Female,West
Rafd090_43_Kid_female_fearful_frontal.jpg,Fear,Female,West
Rafd090_43_Kid_female_happy_frontal.jpg,Happy,Female,West
Rafd090_43_Kid_female_neutral_frontal.jpg,Neutral,Female,West
Rafd090_47_Caucasian_male_disgusted_frontal.jpg,Disgust,Male,West
Rafd090_47_Caucasian_male_fearful_frontal.jpg,Fear,Male,West
Rafd090_47_Caucasian_male_happy_frontal.jpg,Happy,Male,West
Rafd090_47_Caucasian_male_neutral_frontal.jpg,Neutral,Male,West
Rafd090_53_Moroccan_male_disgusted_frontal.jpg,Disgust,Male,West
Rafd090_53_Moroccan_male_fearful_frontal.jpg,Fear,Male,West
Rafd090_53_Moroccan_male_happy_frontal.jpg,Happy,Male,West
Rafd090_53_Moroccan_male_neutral_frontal.jpg,Neutral,Male,West
Rafd090_60_Moroccan_male_disgusted_frontal.jpg,Disgust,Male,West
Rafd090_60_Moroccan_male_fearful_frontal.jpg,Fear,Male,West
Rafd090_60_Moroccan_male_happy_frontal.jpg,Happy,Male,West
Rafd090_60_Moroccan_male_neutral_frontal.jpg,Neutral,Male,West
TM.DI1.193.jpg,Disgust,Female,Asia
TM.FE1.196.jpg,Fear,Female,Asia
TM.HA1.180.jpg,Happy,Female,Asia
TM.NE1.177.jpg,Neutral,Female,Asia
AF01AFS.JPG,Fear,Female,West
AF01DIS.JPG,Disgust,Female,West
AF01HAS.JPG,Happy,Female,West
AF01NES.JPG,Neutral,Female,West
AM30AFS.JPG,Fear,Male,West
AM30DIS.JPG,Disgust,Male,West
AM30HAS.JPG,Happy,Male,West
AM30NES.JPG,Neutral,Male,West
027_d1.jpg,Disgust,Male,Asia
027_f2.jpg,Fear,Male,Asia
027_ht2.jpg,Happy,Male,Asia
027_n5.jpg,Neutral,Male,Asia
03F_DI_O.jpg,Disgust,Female,West
03F_FE_O.jpg,Fear,Female,West
03F_HA_O.jpg,Happy,Female,West
03F_NE_O.jpg,Neutral,Female,West
05F_DI_O.jpg,Disgust,Female,West
05F_FE_O.jpg,Fear,Female,West
05F_HA_O.jpg,Happy,Female,West
05F_NE_O.jpg,Neutral,Female,West
26M_DI_O.jpg,Disgust,Male,West
26M_FE_O.jpg,Fear,Male,West
26M_HA_O.jpg,Happy,Male,West
26M_NE_O.jpg,Neutral,Male,West
27M_DI_O.jpg,Disgust,Male,West
27M_FE_O.jpg,Fear,Male,West
27M_HA_O.jpg,Happy,Male,West
27M_NE_O.jpg,Neutral,Male,West
40M_DI_O.jpg,Disgust,Male,Black
40M_FE_O.jpg,Fear,Male,Black
40M_HA_O.jpg,Happy,Male,Black
40M_NE_O.jpg,Neutral,Male,Black
43M_DI_O.jpg,Disgust,Male,Black
43M_FE_O.jpg,Fear,Male,Black
43M_HA_O.jpg,Happy,Male,Black
43M_NE_O.jpg,Neutral,Male,Black
AF04AFS.JPG,Fear,Female,West
AF04DIS.JPG,Disgust,Female,West
AF04HAS.JPG,Happy,Female,West
AF04NES.JPG,Neutral,Female,West
AM12AFS.JPG,Fear,Male,West
AM12DIS.JPG,Disgust,Male,West
AM12HAS.JPG,Happy,Male,West
AM12NES.JPG,Neutral,Male,West
NM.DI1.107.jpg,Disgust,Female,Asia
NM.FE1.110.jpg,Fear,Female,Asia
NM.HA1.95.jpg,Happy,Female,Asia
NM.NE1.92.jpg,Neutral,Female,Asia
Rafd090_03_Caucasian_male_disgusted_frontal.jpg,Disgust,Male,West
Rafd090_03_Caucasian_male_fearful_frontal.jpg,Fear,Male,West
Rafd090_03_Caucasian_male_happy_frontal.jpg,Happy,Male,West
Rafd090_03_Caucasian_male_neutral_frontal.jpg,Neutral,Male,West
Rafd090_16_Caucasian_female_disgusted_frontal.jpg,Disgust,Female,West
Rafd090_16_Caucasian_female_fearful_frontal.jpg,Fear,Female,West
Rafd090_16_Caucasian_female_happy_frontal.jpg,Happy,Female,West
Rafd090_16_Caucasian_female_neutral_frontal.jpg,Neutral,Female,West
Rafd090_18_Caucasian_female_disgusted_frontal.jpg,Disgust,Female,West
Rafd090_18_Caucasian_female_fearful_frontal.jpg,Fear,Female,West
Rafd090_18_Caucasian_female_happy_frontal.jpg,Happy,Female,West
Rafd090_18_Caucasian_female_neutral_frontal.jpg,Neutral,Female,West
Rafd090_23_Caucasian_male_disgusted_frontal.jpg,Disgust,Male,West
Rafd090_23_Caucasian_male_fearful_frontal.jpg,Fear,Male,West
Rafd090_23_Caucasian_male_happy_frontal.jpg,Happy,Male,West
Rafd090_23_Caucasian_male_neutral_frontal.jpg,Neutral,Male,West
Rafd090_50_Moroccan_male_disgusted_frontal.jpg,Disgust,Male,West
Rafd090_50_Moroccan_male_fearful_frontal.jpg,Fear,Male,West
Rafd090_50_Moroccan_male_happy_frontal.jpg,Happy,Male,West
Rafd090_50_Moroccan_male_neutral_frontal.jpg,Neutral,Male,West
Rafd090_61_Caucasian_female_disgusted_frontal.jpg,Disgust,Female,West
Rafd090_61_Caucasian_female_fearful_frontal.jpg,Fear,Female,West
Rafd090_61_Caucasian_female_happy_frontal.jpg,Happy,Female,West
Rafd090_61_Caucasian_female_neutral_frontal.jpg,Neutral,Female,West
Rafd090_63_Kid_male_disgusted_frontal.jpg,Disgust,Male,West
Rafd090_63_Kid_male_fearful_frontal.jpg,Fear,Male,West
Rafd090_63_Kid_male_happy_frontal.jpg,Happy,Male,West
Rafd090_63_Kid_male_neutral_frontal.jpg,Neutral,Male,West
UY.DI1.149.jpg,Disgust,Female,Asia
UY.FE1.152.jpg,Fear,Female,Asia
UY.HA1.137.jpg,Happy,Female,Asia
UY.NE1.134.jpg,Neutral,Female,Asia
053_d2.jpg,Disgust,Male,West
053_f2.jpg,Fear,Male,West
053_ht1.jpg,Happy,Male,West
053_n4.jpg,Neutral,Male,West
AM11AFS.JPG,Fear,Male,West
AM11DIS.JPG,Disgust,Male,West
AM11HAS.JPG,Happy,Male,West
AM11NES.JPG,Neutral,Male,West
018_d1.jpg,Disgust,Female,Asia
018_f2.jpg,Fear,Female,Asia
018_ht2.jpg,Happy,Female,Asia
018_n2.jpg,Neutral,Female,Asia
035_d2.jpg,Disgust,Female,West
035_f2.jpg,Fear,Female,West
035_ht2.jpg,Happy,Female,West
035_n1.jpg,Neutral,Female,West
041_d2.jpg,Disgust,Female,West
041_f1.jpg,Fear,Female,West
041_ht1.jpg,Happy,Female,West
041_n1.jpg,Neutral,Female,West
044_d2.jpg,Disgust,Male,West
044_f2.jpg,Fear,Male,West
044_ht1.jpg,Happy,Male,West
044_n1.jpg,Neutral,Male,West
18F_DI_O.jpg,Disgust,Female,Asia
18F_FE_O.jpg,Fear,Female,Asia
18F_HA_O.jpg,Happy,Female,Asia
18F_NE_O.jpg,Neutral,Female,Asia
30M_DI_O.jpg,Disgust,Male,West
30M_FE_O.jpg,Fear,Male,West
30M_HA_O.jpg,Happy,Male,West
30M_NE_O.jpg,Neutral,Male,West
35M_DI_O.jpg,Disgust,Male,West
35M_FE_O.jpg,Fear,Male,West
35M_HA_O.jpg,Happy,Male,West
35M_NE_O.jpg,Neutral,Male,West
39M_DI_O.jpg,Disgust,Male,Black
39M_FE_O.jpg,Fear,Male,Black
39M_HA_O.jpg,Happy,Male,Black
39M_NE_O.jpg,Neutral,Male,Black
AF11AFS.JPG,Fear,Female,West
AF11DIS.JPG,Disgust,Female,West
AF11HAS.JPG,Happy,Female,West
AF11NES.JPG,Neutral,Female,West
AF13AFS.JPG,Fear,Female,West
AF13DIS.JPG,Disgust,Female,West
AF13HAS.JPG,Happy,Female,West
AF13NES.JPG,Neutral,Female,West
AF34AFS.JPG,Fear,Female,West
AF34DIS.JPG,Disgust,Female,West
AF34HAS.JPG,Happy,Female,West
AF34NES.JPG,Neutral,Female,West
AM22AFS.JPG,Fear,Male,West
AM22DIS.JPG,Disgust,Male,West
AM22HAS.JPG,Happy,Male,West
AM22NES.JPG,Neutral,Male,West
Rafd090_07_Caucasian_male_disgusted_frontal.jpg,Disgust,Male,West
Rafd090_07_Caucasian_male_fearful_frontal.jpg,Fear,Male,West
Rafd090_07_Caucasian_male_happy_frontal.jpg,Happy,Male,West
Rafd090_07_Caucasian_male_neutral_frontal.jpg,Neutral,Male,West
Rafd090_09_Caucasian_male_disgusted_frontal.jpg,Disgust,Male,West
Rafd090_09_Caucasian_male_fearful_frontal.jpg,Fear,Male,West
Rafd090_09_Caucasian_male_happy_frontal.jpg,Happy,Male,West
Rafd090_09_Caucasian_male_neutral_frontal.jpg,Neutral,Male,West
Rafd090_26_Caucasian_female_disgusted_frontal.jpg,Disgust,Female,West
Rafd090_26_Caucasian_female_fearful_frontal.jpg,Fear,Female,West
Rafd090_26_Caucasian_female_happy_frontal.jpg,Happy,Female,West
Rafd090_26_Caucasian_female_neutral_frontal.jpg,Neutral,Female,West
Rafd090_56_Caucasian_female_disgusted_frontal.jpg,Disgust,Female,West
Rafd090_56_Caucasian_female_fearful_frontal.jpg,Fear,Female,West
Rafd090_56_Caucasian_female_happy_frontal.jpg,Happy,Female,West
Rafd090_56_Caucasian_female_neutral_frontal.jpg,Neutral,Female,West
Rafd090_64_Kid_female_disgusted_frontal.jpg,Disgust,Female,West
Rafd090_64_Kid_female_fearful_frontal.jpg,Fear,Female,West
Rafd090_64_Kid_female_happy_frontal.jpg,Happy,Female,West
Rafd090_64_Kid_female_neutral_frontal.jpg,Neutral,Female,West
Rafd090_65_Kid_female_disgusted_frontal.jpg,Disgust,Female,West
Rafd090_65_Kid_female_fearful_frontal.jpg,Fear,Female,West
Rafd090_65_Kid_female_happy_frontal.jpg,Happy,Female,West
Rafd090_65_Kid_female_neutral_frontal.jpg,Neutral,Female,West
10F_DI_O.jpg,Disgust,Female,West
10F_FE_O.jpg,Fear,Female,West
10F_HA_O.jpg,Happy,Female,West
10F_NE_O.jpg,Neutral,Female,West
Rafd090_41_Kid_female_disgusted_frontal.jpg,Disgust,Female,West
Rafd090_41_Kid_female_fearful_frontal.jpg,Fear,Female,West
Rafd090_41_Kid_female_happy_frontal.jpg,Happy,Female,West
Rafd090_41_Kid_female_neutral_frontal.jpg,Neutral,Female,West
049_d2.jpg,Disgust,Male,West
049_f2.jpg,Fear,Male,West
049_ht1.jpg,Happy,Male,West
049_n2.jpg,Neutral,Male,West
07F_DI_O.jpg,Disgust,Female,West
07F_FE_O.jpg,Fear,Female,West
07F_HA_O.jpg,Happy,Female,West
07F_NE_O.jpg,Neutral,Female,West
09F_DI_O.jpg,Disgust,Female,West
09F_FE_O.jpg,Fear,Female,West
09F_HA_O.jpg,Happy,Female,West
09F_NE_O.jpg,Neutral,Female,West
14F_DI_O.jpg,Disgust,Female,Black
14F_FE_O.jpg,Fear,Female,Black
14F_HA_O.jpg,Happy,Female,Black
14F_NE_O.jpg,Neutral,Female,Black
15F_DI_O.jpg,Disgust,Female,Asia
15F_FE_O.jpg,Fear,Female,Asia
15F_HA_O.jpg,Happy,Female,Asia
15F_NE_O.jpg,Neutral,Female,Asia
32M_DI_O.jpg,Disgust,Male,West
32M_FE_O.jpg,Fear,Male,West
32M_HA_O.jpg,Happy,Male,West
32M_NE_O.jpg,Neutral,Male,West
33M_DI_O.jpg,Disgust,Male,West
33M_FE_O.jpg,Fear,Male,West
33M_HA_O.jpg,Happy,Male,West
33M_NE_O.jpg,Neutral,Male,West
34M_DI_O.jpg,Disgust,Male,West
34M_FE_O.jpg,Fear,Male,West
34M_HA_O.jpg,Happy,Male,West
34M_NE_O.jpg,Neutral,Male,West
AF07AFS.JPG,Fear,Female,West
AF07DIS.JPG,Disgust,Female,West
AF07HAS.JPG,Happy,Female,West
AF07NES.JPG,Neutral,Female,West
AF10AFS.JPG,Fear,Female,West
AF10DIS.JPG,Disgust,Female,West
AF10HAS.JPG,Happy,Female,West
AF10NES.JPG,Neutral,Female,West
AF14AFS.JPG,Fear,Female,West
AF14DIS.JPG,Disgust,Female,West
AF14HAS.JPG,Happy,Female,West
AF14NES.JPG,Neutral,Female,West
AF26AFS.JPG,Fear,Female,West
AF26DIS.JPG,Disgust,Female,West
AF26HAS.JPG,Happy,Female,West
AF26NES.JPG,Neutral,Female,West
AM02AFS.JPG,Fear,Male,West
AM02DIS.JPG,Disgust,Male,West
AM02HAS.JPG,Happy,Male,West
AM02NES.JPG,Neutral,Male,West
AM32AFS.JPG,Fear,Male,West
AM32DIS.JPG,Disgust,Male,West
AM32HAS.JPG,Happy,Male,West
AM32NES.JPG,Neutral,Male,West
KA.DI1.42.jpg,Disgust,Female,Asia
KA.FE1.45.jpg,Fear,Female,Asia
KA.HA1.29.jpg,Happy,Female,Asia
KA.NE1.26.jpg,Neutral,Female,Asia
Rafd090_45_Moroccan_male_disgusted_frontal.jpg,Disgust,Male,West
Rafd090_45_Moroccan_male_fearful_frontal.jpg,Fear,Male,West
Rafd090_45_Moroccan_male_happy_frontal.jpg,Happy,Male,West
Rafd090_45_Moroccan_male_neutral_frontal.jpg,Neutral,Male,West
Rafd090_69_Moroccan_male_disgusted_frontal.jpg,Disgust,Male,West
Rafd090_69_Moroccan_male_fearful_frontal.jpg,Fear,Male,West
Rafd090_69_Moroccan_male_happy_frontal.jpg,Happy,Male,West
Rafd090_69_Moroccan_male_neutral_frontal.jpg,Neutral,Male,West
Rafd090_71_Caucasian_male_disgusted_frontal.jpg,Disgust,Male,West
Rafd090_71_Caucasian_male_fearful_frontal.jpg,Fear,Male,West
Rafd090_71_Caucasian_male_happy_frontal.jpg,Happy,Male,West
Rafd090_71_Caucasian_male_neutral_frontal.jpg,Neutral,Male,West
AF31AFS.JPG,Fear,Female,West
AF31DIS.JPG,Disgust,Female,West
AF31HAS.JPG,Happy,Female,West
AF31NES.JPG,Neutral,Female,West
YM.DI1.64.jpg,Disgust,Female,Asia
YM.FE1.67.jpg,Fear,Female,Asia
YM.HA1.52.jpg,Happy,Female,Asia
YM.NE1.49.jpg,Neutral,Female,Asia
11F_DI_O.jpg,Disgust,Female,Black
11F_FE_O.jpg,Fear,Female,Black
11F_HA_O.jpg,Happy,Female,Black
11F_NE_O.jpg,Neutral,Female,Black
12F_DI_O.jpg,Disgust,Female,Black
12F_FE_O.jpg,Fear,Female,Black
12F_HA_O.jpg,Happy,Female,Black
12F_NE_O.jpg,Neutral,Female,Black
24M_DI_C.jpg,Disgust,Male,West
24M_FE_O.jpg,Fear,Male,West
24M_HA_O.jpg,Happy,Male,West
24M_NE_O.jpg,Neutral,Male,West
28M_DI_O.jpg,Disgust,Male,West
28M_FE_O.jpg,Fear,Male,West
28M_HA_O.jpg,Happy,Male,West
28M_NE_O.jpg,Neutral,Male,West
AF02AFS.JPG,Fear,Female,West
AF02DIS.JPG,Disgust,Female,West
AF02HAS.JPG,Happy,Female,West
AF02NES.JPG,Neutral,Female,West
AF05AFS.JPG,Fear,Female,West
AF05DIS.JPG,Disgust,Female,West
AF05HAS.JPG,Happy,Female,West
AF05NES.JPG,Neutral,Female,West
AF06AFS.JPG,Fear,Female,West
AF06DIS.JPG,Disgust,Female,West
AF06HAS.JPG,Happy,Female,West
AF06NES.JPG,Neutral,Female,West
AF29AFS.JPG,Fear,Female,West
AF29DIS.JPG,Disgust,Female,West
AF29HAS.JPG,Happy,Female,West
AF29NES.JPG,Neutral,Female,West
AM13AFS.JPG,Fear,Male,West
AM13DIS.JPG,Disgust,Male,West
AM13HAS.JPG,Happy,Male,West
AM13NES.JPG,Neutral,Male,West
AM14AFS.JPG,Fear,Male,West
AM14DIS.JPG,Disgust,Male,West
AM14HAS.JPG,Happy,Male,West
AM14NES.JPG,Neutral,Male,West
AM27AFS.JPG,Fear,Male,West
AM27DIS.JPG,Disgust,Male,West
AM27HAS.JPG,Happy,Male,West
AM27NES.JPG,Neutral,Male,West
AM28AFS.JPG,Fear,Male,West
AM28DIS.JPG,Disgust,Male,West
AM28HAS.JPG,Happy,Male,West
AM28NES.JPG,Neutral,Male,West
MK.DI1.128.jpg,Disgust,Female,Asia
MK.FE1.131.jpg,Fear,Female,Asia
MK.HA1.116.jpg,Happy,Female,Asia
MK.NE1.113.jpg,Neutral,Female,Asia
Rafd090_05_Caucasian_male_disgusted_frontal.jpg,Disgust,Male,West
Rafd090_05_Caucasian_male_fearful_frontal.jpg,Fear,Male,West
Rafd090_05_Caucasian_male_happy_frontal.jpg,Happy,Male,West
Rafd090_05_Caucasian_male_neutral_frontal.jpg,Neutral,Male,West
Rafd090_10_Caucasian_male_disgusted_frontal.jpg,Disgust,Male,West
Rafd090_10_Caucasian_male_fearful_frontal.jpg,Fear,Male,West
Rafd090_10_Caucasian_male_happy_frontal.jpg,Happy,Male,West
Rafd090_10_Caucasian_male_neutral_frontal.jpg,Neutral,Male,West
Rafd090_21_Caucasian_male_disgusted_frontal.jpg,Disgust,Male,West
Rafd090_21_Caucasian_male_fearful_frontal.jpg,Fear,Male,West
Rafd090_21_Caucasian_male_happy_frontal.jpg,Happy,Male,West
Rafd090_21_Caucasian_male_neutral_frontal.jpg,Neutral,Male,West
Rafd090_40_Kid_male_disgusted_frontal.jpg,Disgust,Male,West
Rafd090_40_Kid_male_fearful_frontal.jpg,Fear,Male,West
Rafd090_40_Kid_male_happy_frontal.jpg,Happy,Male,West
Rafd090_40_Kid_male_neutral_frontal.jpg,Neutral,Male,West
Rafd090_68_Moroccan_male_disgusted_frontal.jpg,Disgust,Male,West
Rafd090_68_Moroccan_male_fearful_frontal.jpg,Fear,Male,West
Rafd090_68_Moroccan_male_happy_frontal.jpg,Happy,Male,West
Rafd090_68_Moroccan_male_neutral_frontal.jpg,Neutral,Male,West
AF28AFS.JPG,Fear,Female,West
AF28DIS.JPG,Disgust,Female,West
AF28HAS.JPG,Happy,Female,West
AF28NES.JPG,Neutral,Female,West
Rafd090_35_Moroccan_male_disgusted_frontal.jpg,Disgust,Male,West
Rafd090_35_Moroccan_male_fearful_frontal.jpg,Fear,Male,West
Rafd090_35_Moroccan_male_happy_frontal.jpg,Happy,Male,West
Rafd090_35_Moroccan_male_neutral_frontal.jpg,Neutral,Male,West
043_d1.jpg,Disgust,Female,Asia
043_f1.jpg,Fear,Female,Asia
043_ht2.jpg,Happy,Female,Asia
043_n2.jpg,Neutral,Female,Asia
050_d2.jpg,Disgust,Male,West
050_f1.jpg,Fear,Male,West
050_ht2.jpg,Happy,Male,West
050_n4.jpg,Neutral,Male,West
06F_DI_O.jpg,Disgust,Female,West
06F_FE_O.jpg,Fear,Female,West
06F_HA_O.jpg,Happy,Female,West
06F_NE_O.jpg,Neutral,Female,West
16F_DI_O.jpg,Disgust,Female,Asia
16F_FE_O.jpg,Fear,Female,Asia
16F_HA_O.jpg,Happy,Female,Asia
16F_NE_O.jpg,Neutral,Female,Asia
21M_DI_O.jpg,Disgust,Male,West
21M_FE_O.jpg,Fear,Male,West
21M_HA_O.jpg,Happy,Male,West
21M_NE_O.jpg,Neutral,Male,West
37M_DI_O.jpg,Disgust,Male,West
37M_FE_O.jpg,Fear,Male,West
37M_HA_O.jpg,Happy,Male,West
37M_NE_O.jpg,Neutral,Male,West
42M_DI_O.jpg,Disgust,Male,Black
42M_FE_O.jpg,Fear,Male,Black
42M_HA_O.jpg,Happy,Male,Black
42M_NE_O.jpg,Neutral,Male,Black
AF16AFS.JPG,Fear,Female,West
AF16DIS.JPG,Disgust,Female,West
AF16HAS.JPG,Happy,Female,West
AF16NES.JPG,Neutral,Female,West
AF25AFS.JPG,Fear,Female,West
AF25DIS.JPG,Disgust,Female,West
AF25HAS.JPG,Happy,Female,West
AF25NES.JPG,Neutral,Female,West
AM06AFS.JPG,Fear,Male,West
AM06DIS.JPG,Disgust,Male,West
AM06HAS.JPG,Happy,Male,West
AM06NES.JPG,Neutral,Male,West
AM08AFS.JPG,Fear,Male,West
AM08DIS.JPG,Disgust,Male,West
AM08HAS.JPG,Happy,Male,West
AM08NES.JPG,Neutral,Male,West
AM17AFS.JPG,Fear,Male,West
AM17DIS.JPG,Disgust,Male,West
AM17HAS.JPG,Happy,Male,West
AM17NES.JPG,Neutral,Male,West
KM.DI1.20.jpg,Disgust,Female,Asia
KM.FE1.23.jpg,Fear,Female,Asia
KM.HA1.4.jpg,Happy,Female,Asia
KM.NE1.1.jpg,Neutral,Female,Asia
Rafd090_01_Caucasian_female_disgusted_frontal.jpg,Disgust,Female,West
Rafd090_01_Caucasian_female_fearful_frontal.jpg,Fear,Female,West
Rafd090_01_Caucasian_female_happy_frontal.jpg,Happy,Female,West
Rafd090_01_Caucasian_female_neutral_frontal.jpg,Neutral,Female,West
Rafd090_37_Caucasian_female_disgusted_frontal.jpg,Disgust,Female,West
Rafd090_37_Caucasian_female_fearful_frontal.jpg,Fear,Female,West
Rafd090_37_Caucasian_female_happy_frontal.jpg,Happy,Female,West
Rafd090_37_Caucasian_female_neutral_frontal.jpg,Neutral,Female,West
Rafd090_42_Kid_male_disgusted_frontal.jpg,Disgust,Male,West
Rafd090_42_Kid_male_fearful_frontal.jpg,Fear,Male,West
Rafd090_42_Kid_male_happy_frontal.jpg,Happy,Male,West
Rafd090_42_Kid_male_neutral_frontal.jpg,Neutral,Male,West
Rafd090_46_Caucasian_male_disgusted_frontal.jpg,Disgust,Male,West
Rafd090_46_Caucasian_male_fearful_frontal.jpg,Fear,Male,West
Rafd090_46_Caucasian_male_happy_frontal.jpg,Happy,Male,West
Rafd090_46_Caucasian_male_neutral_frontal.jpg,Neutral,Male,West
Rafd090_57_Caucasian_female_disgusted_frontal.jpg,Disgust,Female,West
Rafd090_57_Caucasian_female_fearful_frontal.jpg,Fear,Female,West
Rafd090_57_Caucasian_female_happy_frontal.jpg,Happy,Female,West
Rafd090_57_Caucasian_female_neutral_frontal.jpg,Neutral,Female,West
20M_DI_O.jpg,Disgust,Male,West
20M_FE_O.jpg,Fear,Male,West
20M_HA_O.jpg,Happy,Male,West
20M_NE_O.jpg,Neutral,Male,West
AF08AFS.JPG,Fear,Female,West
AF08DIS.JPG,Disgust,Female,West
AF08HAS.JPG,Happy,Female,West
AF08NES.JPG,Neutral,Female,West
022_d1.jpg,Disgust,Female,West
022_f1.jpg,Fear,Female,West
022_ht1.jpg,Happy,Female,West
022_n5.jpg,Neutral,Female,West
036_d1.jpg,Disgust,Male,West
036_f1.jpg,Fear,Male,West
036_ht1.jpg,Happy,Male,West
036_n2.jpg,Neutral,Male,West
31M_DI_O.jpg,Disgust,Male,West
31M_FE_O.jpg,Fear,Male,West
31M_HA_O.jpg,Happy,Male,West
31M_NE_O.jpg,Neutral,Male,West
AF15AFS.JPG,Fear,Female,West
AF15DIS.JPG,Disgust,Female,West
AF15HAS.JPG,Happy,Female,West
AF15NES.JPG,Neutral,Female,West
AF19AFS.JPG,Fear,Female,West
AF19DIS.JPG,Disgust,Female,West
AF19HAS.JPG,Happy,Female,West
AF19NES.JPG,Neutral,Female,West
AF32AFS.JPG,Fear,Female,West
AF32DIS.JPG,Disgust,Female,West
AF32HAS.JPG,Happy,Female,West
AF32NES.JPG,Neutral,Female,West
AM23AFS.JPG,Fear,Male,West
AM23DIS.JPG,Disgust,Male,West
AM23HAS.JPG,Happy,Male,West
AM23NES.JPG,Neutral,Male,West
AM29AFS.JPG,Fear,Male,West
AM29DIS.JPG,Disgust,Male,West
AM29HAS.JPG,Happy,Male,West
AM29NES.JPG,Neutral,Male,West
AM31AFS.JPG,Fear,Male,West
AM31DIS.JPG,Disgust,Male,West
AM31HAS.JPG,Happy,Male,West
AM31NES.JPG,Neutral,Male,West
Rafd090_11_Kid_female_disgusted_frontal.jpg,Disgust,Female,West
Rafd090_11_Kid_female_fearful_frontal.jpg,Fear,Female,West
Rafd090_11_Kid_female_happy_frontal.jpg,Happy,Female,West
Rafd090_11_Kid_female_neutral_frontal.jpg,Neutral,Female,West
Rafd090_12_Caucasian_female_disgusted_frontal.jpg,Disgust,Female,West
Rafd090_12_Caucasian_female_fearful_frontal.jpg,Fear,Female,West
Rafd090_12_Caucasian_female_happy_frontal.jpg,Happy,Female,West
Rafd090_12_Caucasian_female_neutral_frontal.jpg,Neutral,Female,West
Rafd090_22_Caucasian_female_disgusted_frontal.jpg,Disgust,Female,West
Rafd090_22_Caucasian_female_fearful_frontal.jpg,Fear,Female,West
Rafd090_22_Caucasian_female_happy_frontal.jpg,Happy,Female,West
Rafd090_22_Caucasian_female_neutral_frontal.jpg,Neutral,Female,West
Rafd090_28_Caucasian_male_disgusted_frontal.jpg,Disgust,Male,West
Rafd090_28_Caucasian_male_fearful_frontal.jpg,Fear,Male,West
Rafd090_28_Caucasian_male_happy_frontal.jpg,Happy,Male,West
Rafd090_28_Caucasian_male_neutral_frontal.jpg,Neutral,Male,West
Rafd090_33_Caucasian_male_disgusted_frontal.jpg,Disgust,Male,West
Rafd090_33_Caucasian_male_fearful_frontal.jpg,Fear,Male,West
Rafd090_33_Caucasian_male_happy_frontal.jpg,Happy,Male,West
Rafd090_33_Caucasian_male_neutral_frontal.jpg,Neutral,Male,West
Rafd090_49_Caucasian_male_disgusted_frontal.jpg,Disgust,Male,West
Rafd090_49_Caucasian_male_fearful_frontal.jpg,Fear,Male,West
Rafd090_49_Caucasian_male_happy_frontal.jpg,Happy,Male,West
Rafd090_49_Caucasian_male_neutral_frontal.jpg,Neutral,Male,West
Rafd090_51_Moroccan_male_disgusted_frontal.jpg,Disgust,Male,West
Rafd090_51_Moroccan_male_fearful_frontal.jpg,Fear,Male,West
Rafd090_51_Moroccan_male_happy_frontal.jpg,Happy,Male,West
Rafd090_51_Moroccan_male_neutral_frontal.jpg,Neutral,Male,West
Rafd090_55_Moroccan_male_disgusted_frontal.jpg,Disgust,Male,West
Rafd090_55_Moroccan_male_fearful_frontal.jpg,Fear,Male,West
Rafd090_55_Moroccan_male_happy_frontal.jpg,Happy,Male,West
Rafd090_55_Moroccan_male_neutral_frontal.jpg,Neutral,Male,West
Rafd090_58_Caucasian_female_disgusted_frontal.jpg,Disgust,Female,West
Rafd090_58_Caucasian_female_fearful_frontal.jpg,Fear,Female,West
Rafd090_58_Caucasian_female_happy_frontal.jpg,Happy,Female,West
Rafd090_58_Caucasian_female_neutral_frontal.jpg,Neutral,Female,West
AF18AFS.JPG,Fear,Female,West
AF18DIS.JPG,Disgust,Female,West
AF18HAS.JPG,Happy,Female,West
AF18NES.JPG,Neutral,Female,West
Rafd090_15_Caucasian_male_disgusted_frontal.jpg,Disgust,Male,West
Rafd090_15_Caucasian_male_fearful_frontal.jpg,Fear,Male,West
Rafd090_15_Caucasian_male_happy_frontal.jpg,Happy,Male,West
Rafd090_15_Caucasian_male_neutral_frontal.jpg,Neutral,Male,West
048ng_d1.jpg,Disgust,Female,Asia
048ng_f1.jpg,Fear,Female,Asia
048ng_ht2.jpg,Happy,Female,Asia
048ng_n2.jpg,Neutral,Female,Asia
17F_DI_O.jpg,Disgust,Female,Asia
17F_FE_O.jpg,Fear,Female,Asia
17F_HA_O.jpg,Happy,Female,Asia
17F_NE_O.jpg,Neutral,Female,Asia
25M_DI_O.jpg,Disgust,Male,West
25M_FE_O.jpg,Fear,Male,West
25M_HA_O.jpg,Happy,Male,West
25M_NE_C.jpg,Neutral,Male,West
AF09AFS.JPG,Fear,Female,West
AF09DIS.JPG,Disgust,Female,West
AF09HAS.JPG,Happy,Female,West
AF09NES.JPG,Neutral,Female,West
AF12AFS.JPG,Fear,Female,West
AF12DIS.JPG,Disgust,Female,West
AF12HAS.JPG,Happy,Female,West
AF12NES.JPG,Neutral,Female,West
AF22AFS.JPG,Fear,Female,West
AF22DIS.JPG,Disgust,Female,West
AF22HAS.JPG,Happy,Female,West
AF22NES.JPG,Neutral,Female,West
AM05AFS.JPG,Fear,Male,West
AM05DIS.JPG,Disgust,Male,West
AM05HAS.JPG,Happy,Male,West
AM05NES.JPG,Neutral,Male,West
AM09AFS.JPG,Fear,Male,West
AM09DIS.JPG,Disgust,Male,West
AM09HAS.JPG,Happy,Male,West
AM09NES.JPG,Neutral,Male,West
AM33AFS.JPG,Fear,Male,West
AM33DIS.JPG,Disgust,Male,West
AM33HAS.JPG,Happy,Male,West
AM33NES.JPG,Neutral,Male,West
AM35AFS.JPG,Fear,Male,West
AM35DIS.JPG,Disgust,Male,West
AM35HAS.JPG,Happy,Male,West
AM35NES.JPG,Neutral,Male,West
Rafd090_02_Caucasian_female_disgusted_frontal.jpg,Disgust,Female,West
Rafd090_02_Caucasian_female_fearful_frontal.jpg,Fear,Female,West
Rafd090_02_Caucasian_female_happy_frontal.jpg,Happy,Female,West
Rafd090_02_Caucasian_female_neutral_frontal.jpg,Neutral,Female,West
Rafd090_08_Caucasian_female_disgusted_frontal.jpg,Disgust,Female,West
Rafd090_08_Caucasian_female_fearful_frontal.jpg,Fear,Female,West
Rafd090_08_Caucasian_female_happy_frontal.jpg,Happy,Female,West
Rafd090_08_Caucasian_female_neutral_frontal.jpg,Neutral,Female,West
Rafd090_14_Caucasian_female_disgusted_frontal.jpg,Disgust,Female,West
Rafd090_14_Caucasian_female_fearful_frontal.jpg,Fear,Female,West
Rafd090_14_Caucasian_female_happy_frontal.jpg,Happy,Female,West
Rafd090_14_Caucasian_female_neutral_frontal.jpg,Neutral,Female,West
Rafd090_19_Caucasian_female_disgusted_frontal.jpg,Disgust,Female,West
Rafd090_19_Caucasian_female_fearful_frontal.jpg,Fear,Female,West
Rafd090_19_Caucasian_female_happy_frontal.jpg,Happy,Female,West
Rafd090_19_Caucasian_female_neutral_frontal.jpg,Neutral,Female,West
Rafd090_31_Caucasian_female_disgusted_frontal.jpg,Disgust,Female,West
Rafd090_31_Caucasian_female_fearful_frontal.jpg,Fear,Female,West
Rafd090_31_Caucasian_female_happy_frontal.jpg,Happy,Female,West
Rafd090_31_Caucasian_female_neutral_frontal.jpg,Neutral,Female,West
Rafd090_39_Kid_male_disgusted_frontal.jpg,Disgust,Male,West
Rafd090_39_Kid_male_fearful_frontal.jpg,Fear,Male,West
Rafd090_39_Kid_male_happy_frontal.jpg,Happy,Male,West
Rafd090_39_Kid_male_neutral_frontal.jpg,Neutral,Male,West
Rafd090_54_Moroccan_male_disgusted_frontal.jpg,Disgust,Male,West
Rafd090_54_Moroccan_male_fearful_frontal.jpg,Fear,Male,West
Rafd090_54_Moroccan_male_happy_frontal.jpg,Happy,Male,West
Rafd090_54_Moroccan_male_neutral_frontal.jpg,Neutral,Male,West
Rafd090_73_Moroccan_male_disgusted_frontal.jpg,Disgust,Male,West
Rafd090_73_Moroccan_male_fearful_frontal.jpg,Fear,Male,West
Rafd090_73_Moroccan_male_happy_frontal.jpg,Happy,Male,West
Rafd090_73_Moroccan_male_neutral_frontal.jpg,Neutral,Male,West
45M_DI_O.jpg,Disgust,Male,Asia
45M_FE_O.jpg,Fear,Male,Asia
45M_HA_O.jpg,Happy,Male,Asia
45M_NE_O.jpg,Neutral,Male,Asia
AM07AFS.JPG,Fear,Male,West
AM07DIS.JPG,Disgust,Male,West
AM07HAS.JPG,Happy,Male,West
AM07NES.JPG,Neutral,Male,West
